{
	"pattrstorage" : 	{
		"name" : "lamps",
		"slots" : 		{
			"1" : 			{
				"id" : 1,
				"data" : 				{
					"button" : [ 0.0 ],
					"button[1]" : [ 0.0 ],
					"button[2]" : [ 0.0 ],
					"enable_lights" : [ 0 ],
					"loc_0_0_x" : [ 0.227 ],
					"loc_0_0_y" : [ 0.55 ],
					"loc_0_1_x" : [ 0.721 ],
					"loc_0_1_y" : [ 0.73 ],
					"loc_1_0_x" : [ 0.507 ],
					"loc_1_0_y" : [ 0.883 ],
					"loc_1_1_x" : [ 0.3 ],
					"loc_1_1_y" : [ 0.2 ],
					"loc_2_0_x" : [ 0.693 ],
					"loc_2_0_y" : [ 0.193 ],
					"loc_2_1_x" : [ 0.3 ],
					"loc_2_1_y" : [ 0.91 ],
					"loc_3_0_x" : [ 0.512 ],
					"loc_3_0_y" : [ 0.42 ],
					"loc_3_1_x" : [ 0.0 ],
					"loc_3_1_y" : [ 0.0 ],
					"multiplier" : [ 0.5 ],
					"multislider" : [ 0.593594312667847, 0.013753636740148, 0.008948230184615, 0.012543670833111, 0.006899343803525, 0.002691317116842, 0.787492871284485, 0.000083302984422 ],
					"number" : [ 1.692151288340263 ],
					"number[1]" : [ 0.097 ],
					"number[2]" : [ 0.98 ],
					"number[3]" : [ 0.021 ],
					"number[4]" : [ 1.0 ],
					"number[5]" : [ 401.557853629997169 ],
					"slider" : [ 169.215128834026274 ],
					"slider[1]" : [ 9.678641254326164 ],
					"slider[2]" : [ 2.127659574468085 ],
					"slider[3]" : [ 0.0 ],
					"slider[4]" : [ 401.557853629997169 ],
					"slider[5]" : [ 60.182550972024657 ],
					"opflow_scale[1]" : [ 1.692151288340263 ],
					"fade" : [ 0.8 ],
					"fluid_scale" : [ 0.097 ],
					"sc.texture.syphon.input::drawto" : [ "u422003534" ],
					"sc.texture.syphon.input::servername" : [ "UltraStudio Express" ],
					"sc.texture.syphon.input::appname" : [ "Black Syphon" ],
					"presence::threshold" : [ 0.09 ],
					"presence::bypass" : [ 0.0 ],
					"presence::blur" : [ 4.0, 3.904999971389771 ],
					"presence::memory" : [ 0.9 ],
					"presence::lpf" : [ 1.0 ],
					"presence::u803013806" : [ 4.0, 3.904999971389771 ],
					"presence::use_threshold" : [ 1.0 ],
					"sc.texture.binaryop::op" : [ "+" ],
					"sc.texture.binaryop::bypass" : [ 0.0 ],
					"sc.texture.binaryop[1]::op" : [ "+" ],
					"sc.texture.binaryop[1]::bypass" : [ 0.0 ],
					"sc.texture.bloom::threshold" : [ 0.5 ],
					"sc.texture.bloom::width" : [ 3.0 ],
					"sc.texture.bloom::amount" : [ 1.0 ],
					"sc.texture.bloom::bypass" : [ 0.0 ],
					"sc.texture.opflow::diff_thresh" : [ 0.0 ],
					"sc.texture.opflow::opflow_thresh" : [ 0.0 ],
					"sc.texture.opflow::opflow_lambda" : [ 0.03 ],
					"sc.texture.opflow::opflow_force" : [ 1.0 ],
					"sc.texture.opflow::offset" : [ 3.0, 3.0 ],
					"sc.texture.repos::mode" : [ 1.0, 1.0 ],
					"sc.texture.repos::boundmode" : [ 0.0, 0.0 ],
					"sc.texture.repos::amt" : [ 1.0, 1.0 ],
					"sc.texture.repos::bypass" : [ 0.0 ],
					"sc.lbm4::u646015258" : [ -1 ],
					"sc.texture.binaryop[2]::op" : [ "+" ],
					"sc.texture.binaryop[2]::bypass" : [ 0.0 ],
					"sc.texture.slide::slide_up" : [ 1.0 ],
					"sc.texture.slide::slide_down" : [ 10.0 ],
					"sc.texture.slide::bypass" : [ 0.0 ]
				}

			}
,
			"2" : 			{
				"id" : 2,
				"data" : 				{
					"button" : [ 0.0 ],
					"button[1]" : [ 0.0 ],
					"button[2]" : [ 0.0 ],
					"enable_lights" : [ 0 ],
					"loc_0_0_x" : [ 0.57 ],
					"loc_0_0_y" : [ 0.55 ],
					"loc_0_1_x" : [ 0.4 ],
					"loc_0_1_y" : [ 0.73 ],
					"loc_1_0_x" : [ 0.2 ],
					"loc_1_0_y" : [ 0.883 ],
					"loc_1_1_x" : [ 0.441 ],
					"loc_1_1_y" : [ 0.2 ],
					"loc_2_0_x" : [ 0.7 ],
					"loc_2_0_y" : [ 0.193 ],
					"loc_2_1_x" : [ 0.63 ],
					"loc_2_1_y" : [ 0.91 ],
					"loc_3_0_x" : [ 0.3 ],
					"loc_3_0_y" : [ 0.42 ],
					"loc_3_1_x" : [ 0.0 ],
					"loc_3_1_y" : [ 0.0 ],
					"multiplier" : [ 0.5 ],
					"multislider" : [ 0.000000000260201, 0.000000000064342, 0.000000010137705, 0.000000000083044, 0.000000000005884, 0.000000000306446, 0.000000000051788, 0.000000000000238 ],
					"number" : [ 1.692151288340263 ],
					"number[1]" : [ 0.097 ],
					"number[2]" : [ 0.98 ],
					"number[3]" : [ 0.021 ],
					"number[4]" : [ 1.0 ],
					"number[5]" : [ 401.557853629997169 ],
					"slider" : [ 169.215128834026274 ],
					"slider[1]" : [ 9.678641254326164 ],
					"slider[2]" : [ 2.127659574468085 ],
					"slider[3]" : [ 0.0 ],
					"slider[4]" : [ 401.557853629997169 ],
					"slider[5]" : [ 60.182550972024657 ],
					"opflow_scale[1]" : [ 1.692151288340263 ],
					"fade" : [ 0.8 ],
					"fluid_scale" : [ 0.097 ],
					"sc.texture.syphon.input::drawto" : [ "u422003534" ],
					"sc.texture.syphon.input::servername" : [ "UltraStudio Express" ],
					"sc.texture.syphon.input::appname" : [ "Black Syphon" ],
					"presence::threshold" : [ 0.09 ],
					"presence::bypass" : [ 0.0 ],
					"presence::blur" : [ 4.0, 3.904999971389771 ],
					"presence::memory" : [ 0.9 ],
					"presence::lpf" : [ 1.0 ],
					"presence::u803013806" : [ 4.0, 3.904999971389771 ],
					"presence::use_threshold" : [ 1.0 ],
					"sc.texture.binaryop::op" : [ "+" ],
					"sc.texture.binaryop::bypass" : [ 0.0 ],
					"sc.texture.binaryop[1]::op" : [ "+" ],
					"sc.texture.binaryop[1]::bypass" : [ 0.0 ],
					"sc.texture.bloom::threshold" : [ 0.5 ],
					"sc.texture.bloom::width" : [ 3.0 ],
					"sc.texture.bloom::amount" : [ 1.0 ],
					"sc.texture.bloom::bypass" : [ 0.0 ],
					"sc.texture.opflow::diff_thresh" : [ 0.0 ],
					"sc.texture.opflow::opflow_thresh" : [ 0.0 ],
					"sc.texture.opflow::opflow_lambda" : [ 0.03 ],
					"sc.texture.opflow::opflow_force" : [ 1.0 ],
					"sc.texture.opflow::offset" : [ 3.0, 3.0 ],
					"sc.texture.repos::mode" : [ 1.0, 1.0 ],
					"sc.texture.repos::boundmode" : [ 0.0, 0.0 ],
					"sc.texture.repos::amt" : [ 1.0, 1.0 ],
					"sc.texture.repos::bypass" : [ 0.0 ],
					"sc.lbm4::u646015258" : [ -1 ],
					"sc.texture.binaryop[2]::op" : [ "+" ],
					"sc.texture.binaryop[2]::bypass" : [ 0.0 ],
					"sc.texture.slide::slide_up" : [ 1.0 ],
					"sc.texture.slide::slide_down" : [ 10.0 ],
					"sc.texture.slide::bypass" : [ 0.0 ]
				}

			}

		}

	}

}
