{
	"pattrstorage" : 	{
		"name" : "lamps",
		"slots" : 		{
			"1" : 			{
				"id" : 1,
				"data" : 				{
					"button" : [ 0.0 ],
					"button[1]" : [ 0.0 ],
					"button[2]" : [ 0.0 ],
					"enable_lights" : [ 0 ],
					"loc_0_0_x" : [ 0.73 ],
					"loc_0_0_y" : [ 0.82 ],
					"loc_0_1_x" : [ 0.2 ],
					"loc_0_1_y" : [ 0.746 ],
					"loc_1_0_x" : [ 0.5 ],
					"loc_1_0_y" : [ 0.6 ],
					"loc_1_1_x" : [ 0.269 ],
					"loc_1_1_y" : [ 0.16 ],
					"loc_2_0_x" : [ 0.737 ],
					"loc_2_0_y" : [ 0.73 ],
					"loc_2_1_x" : [ 0.21 ],
					"loc_2_1_y" : [ 0.8 ],
					"loc_3_0_x" : [ 0.759 ],
					"loc_3_0_y" : [ 0.778 ],
					"loc_3_1_x" : [ 0.0 ],
					"loc_3_1_y" : [ 0.0 ],
					"multiplier" : [ 0.85 ],
					"multislider" : [ 0.113567709922791, 0.258904963731766, 0.195099025964737, 0.095957890152931, 0.073878705501556, 0.001603258075193, 0.018622305244207, 0.00000013765208 ],
					"number" : [ 0.751521885506916 ],
					"number[1]" : [ 0.271812229569402 ],
					"number[2]" : [ 0.98 ],
					"number[3]" : [ 0.021 ],
					"number[4]" : [ 4.0 ],
					"number[5]" : [ 150.0 ],
					"slider" : [ 75.152188550691619 ],
					"slider[1]" : [ 27.181222956940154 ],
					"slider[2]" : [ 2.127659574468085 ],
					"slider[3]" : [ 0.0 ],
					"slider[4]" : [ 180.481514132605042 ],
					"slider[5]" : [ 86.167426581855295 ],
					"opflow_scale[1]" : [ 0.751521885506916 ],
					"fade" : [ 0.85 ],
					"fluid_scale" : [ 0.271812229569402 ],
					"sc.texture.syphon.input::drawto" : [ "u741009795" ],
					"sc.texture.syphon.input::servername" : [ "" ],
					"sc.texture.syphon.input::appname" : [ "" ],
					"presence::threshold" : [ 0.09 ],
					"presence::bypass" : [ 0.0 ],
					"presence::blur" : [ 3.904999971389771, 3.904999971389771 ],
					"presence::memory" : [ 0.9 ],
					"presence::lpf" : [ 1.0 ],
					"presence::u932009602" : [ 3.904999971389771, 3.904999971389771 ],
					"presence::use_threshold" : [ 1.0 ],
					"sc.texture.binaryop::op" : [ "+" ],
					"sc.texture.binaryop::bypass" : [ 0.0 ],
					"sc.texture.binaryop[1]::op" : [ "+" ],
					"sc.texture.binaryop[1]::bypass" : [ 0.0 ],
					"sc.texture.bloom::threshold" : [ 0.5 ],
					"sc.texture.bloom::width" : [ 3.0 ],
					"sc.texture.bloom::amount" : [ 1.0 ],
					"sc.texture.bloom::bypass" : [ 0.0 ],
					"sc.texture.opflow::diff_thresh" : [ 0.0 ],
					"sc.texture.opflow::opflow_thresh" : [ 0.0 ],
					"sc.texture.opflow::opflow_lambda" : [ 0.03 ],
					"sc.texture.opflow::opflow_force" : [ 1.0 ],
					"sc.texture.opflow::offset" : [ 3.0, 3.0 ],
					"sc.texture.repos::mode" : [ 1.0, 1.0 ],
					"sc.texture.repos::boundmode" : [ 0.0, 0.0 ],
					"sc.texture.repos::amt" : [ 1.0, 1.0 ],
					"sc.texture.repos::bypass" : [ 0.0 ],
					"sc.lbm4::u385008813" : [ -1 ],
					"sc.texture.binaryop[2]::op" : [ "+" ],
					"sc.texture.binaryop[2]::bypass" : [ 0.0 ],
					"sc.texture.slide::slide_up" : [ 1.0 ],
					"sc.texture.slide::slide_down" : [ 10.0 ],
					"sc.texture.slide::bypass" : [ 0.0 ]
				}

			}

		}

	}

}
